{
  "Accuracy": {
    "MMLU - EM": 0.5392156862745098,
    "CNN/DailyMail - ROUGE-2": 0.13973000806048252,
    "TruthfulQA - EM": 0.36,
    "BBQ - EM": 0.62,
    "GSM8K - EM": 0.0
  },
  "Robustness": {
    "MMLU - EM (Robustness)": 0.5098039215686274,
    "TruthfulQA - EM (Robustness)": 0.36
  },
  "Fairness": {
    "MMLU - EM (Fairness)": 0.48039215686274506,
    "TruthfulQA - EM (Fairness)": 0.36
  },
  "Bias": {
    "CNN/DailyMail - Stereotypes (race)": 0.6666666666666666,
    "CNN/DailyMail - Stereotypes (gender)": 0.2735930735930736,
    "CNN/DailyMail - Representation (race)": 0.5128205128205128,
    "CNN/DailyMail - Representation (gender)": 0.140625
  }
}